module_code,module_name
4AMT111,DISCRETE MATHEMATICS
4MTH111,CALCULUS I
4CPS111,INTRODUCTORY COMPUTING
4PHY111,CLASSICAL MECHANICS & PROPERTIES OF MATTER
4STT111,ELEMENTARY STATISTICS FOR SCIENCE STUDENTS
4CPS121,COMPUTER LITERACY I
4AMT122,FURTHER DISCRETE MATHEMATICS
4MTH112,CALCULUS II
4PHY112,ELECTROMAGNETISM NUCLEAR & MODERN PHYSICS
4STT112,STATISTICS FOR SCIENCE STUDENTS
4CPS122,COMPUTER LITERACY II
4AMT211,DYNAMICAL SYSTEMS & MATHEMATICAL MODELLING
4MTH221,ADVANCED CALCULUS
4CPS211,DATA STRUCTURES AND ALGORITHMS
4CPS231,COMPUTER COMMUNICATIONS & NETWORKS
4AMT212,INTRO TO OPERATIONS RESEARCH
4MTH222,LINEAR ALGEBRA & DIFFERENTIAL EQUATIONS
4CPS212,SOFTWARE ENGINEERING
4CPS232,DATABASE INFORMATION MANAGEMENT I
4AMT331,TENSOR ANALYSIS
4AMT321,APPLIED MATHEMATICAL METHODS
4CPS311,ADVANCED PROGRAMMING TECHNIQUES
4CPS321,SYSTEMS PROGRAMMING (OS & COMPILERS)
4AMT312,ADVANCED CLASSICAL MECHANICS
4AMT322,NUMERICAL METHODS
4CPS312,DISTRIBUTED SYSTEMS DEVELOPMENT
4CPS322,FINAL YEAR PROJECT
4GES111,INTRO TO PHYSICAL & ENVIRONMENTAL GEOGRAPHY
4HYD112,INTRO TO GEOLOGY
4HYD211,INTRO TO SURFACE WATER HYDROLOGY
4GES211,GLOBAL LANDFORMS & CARTOGRAPHY
4HYD212,INTRO TO SUBSURFACE HYDROLOGY
4HYD222,GEOGRAPHICAL INFORMATION SYSTEMS
4HYD311,SURFACE WATER HYDROLOGY
4HYD321,GROUNDWATER HYDROLOGY
4HYD332,HYDROLOGICAL MODELLING
4HYD342,WATER RESOURCES MANAGEMENT
4CHM111,GENERAL CHEMISTRY 111
4CPS112,INTRO TO SYSTEMS PROGRAMMING
4CHM112,GENERAL CHEMISTRY
4PHY211,MECHANICS SPECIAL RELATIVITY & PROPERTIES OF MATTER
4STT211,DISTRIBUTION THEORY
4CHM211,ANALYTICAL & INORGANIC CHEMISTRY 2
4PHY212,MODERN PHYSICS PHOTONICS & WAVES
4STT212,STATISTICAL INFERENCE
4MTH311,ABSTRACT ALGEBRA
4MTH321,REAL ANALYSIS
4MTH312,GRAPH THEORY
4PHY222,ELECTROMAGNETISM
4PHY311,QUANTUM AND STATISTICAL PHYSICS
4PHY321,ELECTRONIC CIRCUITS AND DEVICES
4PHY312,NUCLEAR PHYSICS AND APPLICATIONS
4PHY322,SOLID STATE PHYSICS & MATERIAL SCIENCE
4STT311,RANDOM PROCESSES
4STT321,EXPERIMENTAL DESIGN
4STT312,LINEAR MODELS
4STT322,TIME SERIES
4CHM121,BASIC CHEMISTRY 121
4PHY121,CLASSICAL MECHANICS & PROPERTIES OF MATTER(BIO)
4BOT111,INTRODUCTION TO PLANT PHYSIOLOGY & GENETICS
4ZOL111,INTRO TO ZOOLOGY I
4CHM122,BASIC CHEMISTRY 122
4MTH122,MATHS & STATS FOR EARTH & LIFE SCIENCES
4BOT112,PLANT MORPHOLOGY & TEXONOMY
4ZOL112,INTRO TO ZOOLOGY II
4MCB221,PROKARYOTES STRUCTURE AND ENVIROMENTAL MICROBIOLOGY
4BOT211,PLANT GROWTH & DEVELOPMENT
4MCB211,PROKARYOTES CLASSIFICATION & MICROBIAL TECHNIQUES
4BCH212,METABOLISM
4BCH222,BIOCHEMISTRY: PRINCIPLES AND TECHNIQUES
4BOT212,PLANT ANATOMY & BIODIVERSITY
4MCB212,MICROBIAL GROWTH & MEDICAL MICROBIOLOGY
4BCH311,GENE EXPRESSION AND REPLICATION
4BCH321,METABOLIC REGULATION
4BOT311,CYTOLOGY GENETICS AND PLANT BIOCHEMISTRY
4BOT331,PLANT ECOPHYSIOLOGY
4BCH312,RECOMBINANT DNA TECHNOLOGY
4BCH322,BIOCHEMISTRY OF NUTRITION
4BOT312,PEOPLE & PLANTS
4BOT322,PLANT CONSERVATION AND MANAGEMENT & TERRESTRIAL ECOLOGY
4PHY122,ELECTROMAGNETISM NUCLEAR & MODERN PHYSICS(BIO)
4ZOL211,ANIMAL ANATOMY & PHYSIOLOGY
4CHM212,ORGANIC & PHYSICAL CHEMISTRY 2
4CHM311,ORGANIC CHEMISTRY 3
4CHM321,PHYSICAL CHEMISTRY 3
4CHM312,INORGANIC CHEMISTRY 3
4CHM322,ANALYTICAL CHEMISTRY 3
4HMS111,HUMAN MOVEMENT SCIENCE 1A
4HMS112,HUMAN MOVEMENT SCIENCE 1B
4BCH211,BIOMOLECULES & ENZYMOLOGY
4HMS211,HUMAN MOVEMENT SCIENCE 2A
4ZOL121,HUMAN ANATOMY & PHYSIOLOGY I
4HMS212,HUMAN MOVEMENT SCIENCE 2B
4ZOL122,HUMAN ANATOMY & PHYSIOLOGY II
4HMS311,HUMAN MOVEMENT SCIENCE 3A
4HMS321,HUMAN MOVEMENT SCIENCE 3C
4HMS312,HUMAN MOVEMENT SCIENCE 3B
4HMS322,HUMAN MOVEMENT SCIENCE 3D
4MCB311,FOOD MICROBIOLOGY
4MCB321,EPIDEMIOLOGY
4MCB312,ENVIRONMENTAL INFLUENCES ON MICRO-ORGANISMS & INDUSTRIAL MICROBIOLOGY
4MCB322,BIOTECHNOLOGY
4ZOL212,ANIMAL DIVERSITY
4ZOL311,ANIMAL ECOLOGY I
4ZOL321,ECOPHYSIOLOGY & ECOTOXICOLOGY
4ZOL312,ANIMAL ECOLOGY II
4ZOL322,RESEARCH DESIGN & APPLICATION
4GES112,HUMAN GEOGRAPHY
4GES222,HYDROMETEOROLOGY
4GES321,ATMOSPHERIC PROCESSES AND POLLUTION
4GES341,CLIMATE DYNAMICS & WEATHER VARIABILITY AND PREDICTION
4GES312,ENVIRONMENTAL MANAGEMENT
4GES322,ENVIRONMENTAL FIELDWORK AND RESEARCH
4MTH322,COMPLEX ANALYSIS
4STT122,ELEMENTARY STATISTICS FOR COMMERCE STUDENTS
4AAG211,INTRO TO SOIL SCIENCE
4AAE211,INTRO TO EXTENSION & RURAL DEV
4GES212,DEMOGRAPHICS HEALTH & SUSTAINABLE DEVELOPMENT
4GES311,URBAN ENVIRONMENT & RECREATION PLANNING
4GES331,LAND USE AND NATURAL RESOURCE MANAGEMENT
