programme_code,module_code
4BSC01,4AMT111
4BSC01,4MTH111
4BSC01,4CPS111
4BSC01,4PHY111
4BSC01,4STT111
4BSC01,4CPS121
4BSC01,4AMT122
4BSC01,4MTH112
4BSC01,4CPS112
4BSC01,4PHY112
4BSC01,4STT112
4BSC01,4CPS122
4BSC01,4AMT211
4BSC01,4MTH221
4BSC01,4CPS211
4BSC01,4CPS231
4BSC01,4AMT212
4BSC01,4MTH222
4BSC01,4CPS212
4BSC01,4CPS232
4BSC01,4AMT331
4BSC01,4AMT321
4BSC01,4CPS311
4BSC01,4CPS321
4BSC01,4AMT312
4BSC01,4AMT322
4BSC01,4CPS312
4BSC01,4CPS322
4BSC02,4GES111
4BSC02,4MTH111
4BSC02,4AMT111
4BSC02,4PHY111
4BSC02,4CPS121
4BSC02,4HYD112
4BSC02,4MTH112
4BSC02,4AMT122
4BSC02,4STT122
4BSC02,4CPS122
4BSC02,4HYD211
4BSC02,4MTH221
4BSC02,4AMT211
4BSC02,4GES211
4BSC02,4HYD212
4BSC02,4MTH222
4BSC02,4AMT212
4BSC02,4HYD222
4BSC02,4HYD311
4BSC02,4HYD321
4BSC02,4AMT331
4BSC02,4AMT321
4BSC02,4HYD332
4BSC02,4HYD342
4BSC02,4AMT312
4BSC02,4AMT322
4BSC03,4MTH111
4BSC03,4AMT111
4BSC03,4CPS111
4BSC03,4PHY111
4BSC03,4CHM111
4BSC03,4STT111
4BSC03,4CPS121
4BSC03,4AMT122
4BSC03,4MTH112
4BSC03,4CPS112
4BSC03,4STT112
4BSC03,4PHY112
4BSC03,4CHM112
4BSC03,4CPS122
4BSC03,4AMT211
4BSC03,4MTH221
4BSC03,4CPS211
4BSC03,4PHY211
4BSC03,4STT211
4BSC03,4CHM211
4BSC03,4AMT212
4BSC03,4MTH222
4BSC03,4CPS212
4BSC03,4PHY212
4BSC03,4CPS232
4BSC03,4STT212
4BSC03,4AMT331
4BSC03,4MTH321
4BSC03,4MTH311
4BSC03,4AMT321
4BSC03,4AMT312
4BSC03,4AMT322
4BSC03,4MTH312
4BSC03,4MTH322
4BSC04,4MTH111
4BSC04,4AMT111
4BSC04,4PHY111
4BSC04,4CPS111
4BSC04,4CHM111
4BSC04,4CPS121
4BSC04,4AMT122
4BSC04,4MTH112
4BSC04,4PHY112
4BSC04,4CPS112
4BSC04,4CHM112
4BSC04,4CPS122
4BSC04,4AMT211
4BSC04,4MTH221
4BSC04,4PHY211
4BSC04,4CPS211
4BSC04,4CHM211
4BSC04,4AMT212
4BSC04,4MTH222
4BSC04,4PHY212
4BSC04,4PHY222
4BSC04,4AMT331
4BSC04,4AMT321
4BSC04,4PHY311
4BSC04,4PHY321
4BSC04,4AMT312
4BSC04,4AMT322
4BSC04,4PHY312
4BSC04,4PHY322
4BSC05,4MTH111
4BSC05,4AMT111
4BSC05,4CPS111
4BSC05,4STT111
4BSC05,4CPS121
4BSC05,4AMT122
4BSC05,4MTH112
4BSC05,4CPS112
4BSC05,4STT112
4BSC05,4CPS122
4BSC05,4AMT211
4BSC05,4MTH221
4BSC05,4CPS211
4BSC05,4STT211
4BSC05,4AMT212
4BSC05,4MTH222
4BSC05,4CPS212
4BSC05,4STT212
4BSC05,4AMT331
4BSC05,4AMT321
4BSC05,4STT311
4BSC05,4STT321
4BSC05,4AMT312
4BSC05,4AMT322
4BSC05,4STT312
4BSC05,4STT322
4BSC06,4CHM121
4BSC06,4PHY121
4BSC06,4BOT111
4BSC06,4ZOL111
4BSC06,4CPS121
4BSC06,4CHM122
4BSC06,4MTH122
4BSC06,4BOT112
4BSC06,4ZOL112
4BSC06,4CPS122
4BSC06,4BCH211
4BSC06,4MCB221
4BSC06,4BOT211
4BSC06,4MCB211
4BSC06,4BCH212
4BSC06,4BCH222
4BSC06,4BOT212
4BSC06,4MCB212
4BSC06,4BCH311
4BSC06,4BCH321
4BSC06,4BOT311
4BSC06,4BOT331
4BSC06,4BCH312
4BSC06,4BCH322
4BSC06,4BOT312
4BSC06,4BOT322
4BSC07,4CHM111
4BSC07,4MTH111
4BSC07,4PHY121
4BSC07,4ZOL111
4BSC07,4CPS121
4BSC07,4CHM112
4BSC07,4MTH112
4BSC07,4PHY122
4BSC07,4ZOL112
4BSC07,4CPS122
4BSC07,4BCH211
4BSC07,4BOT111
4BSC07,4CHM211
4BSC07,4ZOL211
4BSC07,4BCH212
4BSC07,4BOT112
4BSC07,4CHM212
4BSC07,4BCH222
4BSC07,4BCH311
4BSC07,4BCH321
4BSC07,4CHM311
4BSC07,4CHM321
4BSC07,4CHM312
4BSC07,4CHM322
4BSC07,4BCH312
4BSC07,4BCH322
4BSC08,4CHM121
4BSC08,4PHY121
4BSC08,4HMS111
4BSC08,4ZOL111
4BSC08,4CPS121
4BSC08,4CHM122
4BSC08,4MTH122
4BSC08,4HMS112
4BSC08,4ZOL112
4BSC08,4CPS122
4BSC08,4BCH211
4BSC08,4MCB211
4BSC08,4HMS211
4BSC08,4ZOL121
4BSC08,4BCH212
4BSC08,4BCH222
4BSC08,4HMS212
4BSC08,4ZOL122
4BSC08,4BCH311
4BSC08,4BCH321
4BSC08,4HMS311
4BSC08,4HMS321
4BSC08,4BCH312
4BSC08,4BCH322
4BSC08,4HMS312
4BSC08,4HMS322
4BSC09,4CHM121
4BSC09,4PHY121
4BSC09,4BOT111
4BSC09,4ZOL111
4BSC09,4CPS121
4BSC09,4CHM122
4BSC09,4MTH122
4BSC09,4BOT112
4BSC09,4ZOL112
4BSC09,4CPS122
4BSC09,4BCH211
4BSC09,4MCB211
4BSC09,4MCB221
4BSC09,4BOT211
4BSC09,4ZOL121
4BSC09,4BCH212
4BSC09,4BCH222
4BSC09,4MCB212
4BSC09,4BOT212
4BSC09,4ZOL122
4BSC09,4BCH311
4BSC09,4BCH321
4BSC09,4MCB311
4BSC09,4MCB321
4BSC09,4BCH312
4BSC09,4BCH322
4BSC09,4MCB312
4BSC09,4MCB322
4BSC10,4CHM121
4BSC10,4PHY121
4BSC10,4BOT111
4BSC10,4ZOL111
4BSC10,4CPS121
4BSC10,4CHM122
4BSC10,4MTH122
4BSC10,4BOT112
4BSC10,4ZOL112
4BSC10,4CPS122
4BSC10,4BCH211
4BSC10,4MCB211
4BSC10,4ZOL211
4BSC10,4MCB221
4BSC10,4BOT211
4BSC10,4BCH212
4BSC10,4MCB212
4BSC10,4ZOL212
4BSC10,4BCH222
4BSC10,4BOT212
4BSC10,4BCH311
4BSC10,4BCH321
4BSC10,4ZOL311
4BSC10,4ZOL321
4BSC10,4BCH312
4BSC10,4BCH322
4BSC10,4ZOL312
4BSC10,4ZOL322
4BSC11,4BOT111
4BSC11,4GES111
4BSC11,4PHY121
4BSC11,4CHM121
4BSC11,4CPS121
4BSC11,4BOT112
4BSC11,4MTH122
4BSC11,4GES112
4BSC11,4CHM122
4BSC11,4CPS122
4BSC11,4BOT211
4BSC11,4ZOL111
4BSC11,4GES211
4BSC11,4HYD211
4BSC11,4BOT212
4BSC11,4ZOL112
4BSC11,4HYD222
4BSC11,4GES222
4BSC11,4BOT311
4BSC11,4BOT331
4BSC11,4GES321
4BSC11,4GES341
4BSC11,4BOT312
4BSC11,4BOT322
4BSC11,4GES312
4BSC11,4GES322
4BSC12,4GES111
4BSC12,4CHM121
4BSC12,4BOT111
4BSC12,4PHY121
4BSC12,4CPS121
4BSC12,4HYD112
4BSC12,4CHM122
4BSC12,4BOT112
4BSC12,4MTH122
4BSC12,4CPS122
4BSC12,4HYD211
4BSC12,4STT111
4BSC12,4BOT211
4BSC12,4GES211
4BSC12,4HYD212
4BSC12,4BOT212
4BSC12,4GES222
4BSC12,4HYD222
4BSC12,4HYD311
4BSC12,4HYD321
4BSC12,4BOT311
4BSC12,4BOT331
4BSC12,4HYD332
4BSC12,4HYD342
4BSC12,4BOT312
4BSC12,4BOT322
4BSC13,4CHM121
4BSC13,4PHY121
4BSC13,4BOT111
4BSC13,4ZOL111
4BSC13,4CPS121
4BSC13,4CHM122
4BSC13,4MTH122
4BSC13,4BOT112
4BSC13,4ZOL112
4BSC13,4CPS122
4BSC13,4BOT211
4BSC13,4BCH211
4BSC13,4MCB221
4BSC13,4MCB211
4BSC13,4BOT212
4BSC13,4BCH212
4BSC13,4BCH222
4BSC13,4MCB212
4BSC13,4BOT311
4BSC13,4BOT331
4BSC13,4MCB311
4BSC13,4MCB321
4BSC13,4BOT312
4BSC13,4BOT322
4BSC13,4MCB312
4BSC13,4MCB322
4BSC14,4CHM121
4BSC14,4PHY121
4BSC14,4BOT111
4BSC14,4ZOL111
4BSC14,4CPS121
4BSC14,4CHM122
4BSC14,4MTH122
4BSC14,4BOT112
4BSC14,4ZOL112
4BSC14,4CPS122
4BSC14,4BOT211
4BSC14,4ZOL211
4BSC14,4GES111
4BSC14,4GES211
4BSC14,4BOT212
4BSC14,4ZOL212
4BSC14,4GES222
4BSC14,4HYD222
4BSC14,4BOT311
4BSC14,4BOT331
4BSC14,4ZOL311
4BSC14,4ZOL321
4BSC14,4BOT312
4BSC14,4BOT322
4BSC14,4ZOL312
4BSC14,4ZOL322
4BSC15,4CHM111
4BSC15,4MTH111
4BSC15,4CPS111
4BSC15,4PHY111
4BSC15,4CPS121
4BSC15,4CHM112
4BSC15,4MTH112
4BSC15,4CPS112
4BSC15,4PHY112
4BSC15,4CPS122
4BSC15,4CHM211
4BSC15,4CPS231
4BSC15,4CPS211
4BSC15,4MTH221
4BSC15,4PHY211
4BSC15,4CHM212
4BSC15,4CPS232
4BSC15,4CPS212
4BSC15,4MTH222
4BSC15,4PHY212
4BSC15,4CHM311
4BSC15,4CHM321
4BSC15,4CPS311
4BSC15,4CPS321
4BSC15,4CHM312
4BSC15,4CHM322
4BSC15,4CPS312
4BSC15,4CPS322
4BSC16,4GES111
4BSC16,4MTH111
4BSC16,4CHM111
4BSC16,4PHY111
4BSC16,4CPS121
4BSC16,4HYD112
4BSC16,4MTH112
4BSC16,4CHM112
4BSC16,4PHY112
4BSC16,4CPS122
4BSC16,4HYD211
4BSC16,4CHM211
4BSC16,4STT111
4BSC16,4GES211
4BSC16,4HYD212
4BSC16,4CHM212
4BSC16,4GES222
4BSC16,4HYD222
4BSC16,4HYD311
4BSC16,4HYD321
4BSC16,4CHM311
4BSC16,4CHM321
4BSC16,4HYD332
4BSC16,4HYD342
4BSC16,4CHM312
4BSC16,4CHM322
4BSC17,4CHM111
4BSC17,4MTH111
4BSC17,4PHY111
4BSC17,4AMT111
4BSC17,4CPS111
4BSC17,4CPS121
4BSC17,4CHM112
4BSC17,4MTH112
4BSC17,4PHY112
4BSC17,4AMT122
4BSC17,4CPS112
4BSC17,4CPS122
4BSC17,4CHM211
4BSC17,4PHY211
4BSC17,4MTH221
4BSC17,4AMT211
4BSC17,4CPS211
4BSC17,4CHM212
4BSC17,4PHY212
4BSC17,4MTH222
4BSC17,4AMT212
4BSC17,4CPS212
4BSC17,4PHY222
4BSC17,4CHM311
4BSC17,4CHM321
4BSC17,4MTH311
4BSC17,4MTH321
4BSC17,4CHM312
4BSC17,4CHM322
4BSC17,4MTH312
4BSC17,4MTH322
4BSC18,4CHM111
4BSC18,4MTH111
4BSC18,4PHY111
4BSC18,4AMT111
4BSC18,4CPS111
4BSC18,4CPS121
4BSC18,4CHM112
4BSC18,4MTH112
4BSC18,4AMT122
4BSC18,4CPS112
4BSC18,4CPS122
4BSC18,4CHM211
4BSC18,4PHY211
4BSC18,4MTH221
4BSC18,4AMT211
4BSC18,4CPS211
4BSC18,4CHM212
4BSC18,4PHY212
4BSC18,4MTH222
4BSC18,4PHY222
4BSC18,4CHM311
4BSC18,4CHM321
4BSC18,4PHY311
4BSC18,4PHY321
4BSC18,4CHM312
4BSC18,4CHM322
4BSC18,4PHY312
4BSC18,4PHY322
4BSC19,4CHM111
4BSC19,4MTH111
4BSC19,4PHY121
4BSC19,4ZOL111
4BSC19,4CPS121
4BSC19,4CHM112
4BSC19,4MTH112
4BSC19,4PHY122
4BSC19,4ZOL112
4BSC19,4CPS122
4BSC19,4CHM211
4BSC19,4ZOL211
4BSC19,4BOT111
4BSC19,4MCB211
4BSC19,4BCH211
4BSC19,4CHM212
4BSC19,4ZOL212
4BSC19,4BOT112
4BSC19,4MCB212
4BSC19,4BCH212
4BSC19,4CHM311
4BSC19,4CHM321
4BSC19,4ZOL311
4BSC19,4ZOL321
4BSC19,4CHM312
4BSC19,4CHM322
4BSC19,4ZOL312
4BSC19,4ZOL322
4BSC20,4GES111
4BSC20,4CPS111
4BSC20,4PHY121
4BSC20,4MTH111
4BSC20,4CPS121
4BSC20,4HYD112
4BSC20,4CPS112
4BSC20,4STT122
4BSC20,4MTH112
4BSC20,4CPS122
4BSC20,4HYD211
4BSC20,4CPS211
4BSC20,4CPS231
4BSC20,4GES211
4BSC20,4HYD212
4BSC20,4CPS212
4BSC20,4CPS232
4BSC20,4HYD222
4BSC20,4HYD311
4BSC20,4HYD321
4BSC20,4CPS311
4BSC20,4CPS321
4BSC20,4HYD332
4BSC20,4HYD342
4BSC20,4CPS312
4BSC20,4CPS322
4BSC21,4MTH111
4BSC21,4CPS111
4BSC21,4PHY111
4BSC21,4STT111
4BSC21,4AMT111
4BSC21,4CPS121
4BSC21,4MTH112
4BSC21,4CPS112
4BSC21,4AMT122
4BSC21,4PHY112
4BSC21,4STT112
4BSC21,4CPS122
4BSC21,4MTH221
4BSC21,4CPS211
4BSC21,4AMT211
4BSC21,4CPS231
4BSC21,4MTH222
4BSC21,4CPS212
4BSC21,4CPS232
4BSC21,4AMT212
4BSC21,4CPS311
4BSC21,4CPS321
4BSC21,4MTH311
4BSC21,4MTH321
4BSC21,4CPS312
4BSC21,4CPS322
4BSC21,4MTH312
4BSC21,4MTH322
4BSC22,4CPS111
4BSC22,4MTH111
4BSC22,4PHY111
4BSC22,4AMT111
4BSC22,4STT111
4BSC22,4CPS121
4BSC22,4CPS112
4BSC22,4MTH112
4BSC22,4PHY112
4BSC22,4AMT122
4BSC22,4STT112
4BSC22,4CPS122
4BSC22,4CPS211
4BSC22,4MTH221
4BSC22,4PHY211
4BSC22,4CPS231
4BSC22,4CPS212
4BSC22,4MTH222
4BSC22,4PHY212
4BSC22,4PHY222
4BSC22,4CPS311
4BSC22,4CPS321
4BSC22,4PHY311
4BSC22,4PHY321
4BSC22,4CPS312
4BSC22,4CPS322
4BSC22,4PHY312
4BSC22,4PHY322
4BSC23,4CPS111
4BSC23,4MTH111
4BSC23,4STT111
4BSC23,4AMT111
4BSC23,4PHY111
4BSC23,4CPS121
4BSC23,4CPS112
4BSC23,4MTH112
4BSC23,4STT112
4BSC23,4AMT122
4BSC23,4PHY112
4BSC23,4CPS122
4BSC23,4CPS211
4BSC23,4MTH221
4BSC23,4STT211
4BSC23,4CPS231
4BSC23,4CPS212
4BSC23,4MTH222
4BSC23,4STT212
4BSC23,4CPS232
4BSC23,4CPS311
4BSC23,4CPS321
4BSC23,4STT311
4BSC23,4STT321
4BSC23,4CPS312
4BSC23,4CPS322
4BSC23,4STT312
4BSC23,4STT322
4BSC24,4GES111
4BSC24,4STT111
4BSC24,4PHY121
4BSC24,4PHY111
4BSC24,4MTH111
4BSC24,4ZOL111
4BSC24,4CPS121
4BSC24,4HYD112
4BSC24,4GES112
4BSC24,4MTH112
4BSC24,4MTH122
4BSC24,4PHY112
4BSC24,4ZOL112
4BSC24,4CPS122
4BSC24,4HYD211
4BSC24,4GES211
4BSC24,4AAG211
4BSC24,4MTH221
4BSC24,4ZOL211
4BSC24,4PHY211
4BSC24,4AAE211
4BSC24,4HYD212
4BSC24,4GES222
4BSC24,4HYD222
4BSC24,4MTH222
4BSC24,4GES212
4BSC24,4PHY212
4BSC24,4HYD311
4BSC24,4HYD321
4BSC24,4GES321
4BSC24,4GES341
4BSC24,4HYD332
4BSC24,4HYD342
4BSC24,4GES312
4BSC24,4GES322
4BSC25,4GES111
4BSC25,4PHY111
4BSC25,4MTH111
4BSC25,4CHM111
4BSC25,4STT111
4BSC25,4CPS111
4BSC25,4CPS121
4BSC25,4GES112
4BSC25,4PHY112
4BSC25,4MTH112
4BSC25,4CHM112
4BSC25,4STT112
4BSC25,4CPS112
4BSC25,4HYD112
4BSC25,4CPS122
4BSC25,4GES211
4BSC25,4PHY211
4BSC25,4MTH221
4BSC25,4CHM211
4BSC25,4HYD211
4BSC25,4GES212
4BSC25,4GES222
4BSC25,4PHY212
4BSC25,4MTH222
4BSC25,4PHY222
4BSC25,4GES311
4BSC25,4GES321
4BSC25,4GES331
4BSC25,4GES341
4BSC25,4PHY311
4BSC25,4PHY321
4BSC25,4GES312
4BSC25,4GES322
4BSC25,4PHY312
4BSC25,4PHY322
4BSC26,4GES111
4BSC26,4STT111
4BSC26,4MTH111
4BSC26,4PHY111
4BSC26,4PHY121
4BSC26,4CPS121
4BSC26,4GES112
4BSC26,4STT112
4BSC26,4MTH112
4BSC26,4PHY112
4BSC26,4HYD112
4BSC26,4CPS122
4BSC26,4GES211
4BSC26,4STT211
4BSC26,4MTH221
4BSC26,4HYD211
4BSC26,4GES212
4BSC26,4GES222
4BSC26,4STT212
4BSC26,4MTH222
4BSC26,4GES212
4BSC26,4GES222
4BSC26,4HYD212
4BSC26,4GES311
4BSC26,4GES321
4BSC26,4GES331
4BSC26,4GES341
4BSC26,4STT311
4BSC26,4STT321
4BSC26,4GES312
4BSC26,4GES322
4BSC26,4STT312
4BSC26,4STT322
4BSC27,4GES111
4BSC27,4CHM121
4BSC27,4PHY121
4BSC27,4ZOL111
4BSC27,4CPS121
4BSC27,4GES112
4BSC27,4CHM122
4BSC27,4MTH122
4BSC27,4ZOL112
4BSC27,4CPS122
4BSC27,4GES211
4BSC27,4ZOL211
4BSC27,4HYD211
4BSC27,4BOT111
4BSC27,4GES222
4BSC27,4ZOL212
4BSC27,4HYD222
4BSC27,4BOT112
4BSC27,4GES321
4BSC27,4GES341
4BSC27,4ZOL311
4BSC27,4ZOL321
4BSC27,4GES312
4BSC27,4GES322
4BSC27,4ZOL312
4BSC27,4ZOL322
4BSC28,4HMS111
4BSC28,4CPS111
4BSC28,4MTH111
4BSC28,4PHY111
4BSC28,4CPS121
4BSC28,4HMS112
4BSC28,4CPS112
4BSC28,4MTH112
4BSC28,4PHY112
4BSC28,4CPS122
4BSC28,4HMS211
4BSC28,4MTH221
4BSC28,4ZOL121
4BSC28,4PHY211
4BSC28,4HMS212
4BSC28,4ZOL122
4BSC28,4PHY212
4BSC28,4PHY222
4BSC28,4HMS311
4BSC28,4HMS321
4BSC28,4PHY311
4BSC28,4PHY321
4BSC28,4HMS312
4BSC28,4HMS322
4BSC28,4PHY312
4BSC28,4PHY322
4BSC29,4HMS111
4BSC29,4CHM121
4BSC29,4PHY121
4BSC29,4ZOL111
4BSC29,4CPS121
4BSC29,4HMS112
4BSC29,4CHM122
4BSC29,4MTH122
4BSC29,4ZOL112
4BSC29,4CPS122
4BSC29,4HMS211
4BSC29,4ZOL211
4BSC29,4ZOL121
4BSC29,4BCH211
4BSC29,4HMS212
4BSC29,4ZOL212
4BSC29,4ZOL122
4BSC29,4BOT112
4BSC29,4HMS311
4BSC29,4HMS321
4BSC29,4ZOL311
4BSC29,4ZOL321
4BSC29,4HMS312
4BSC29,4HMS322
4BSC29,4ZOL312
4BSC29,4ZOL322
4BSC30,4GES111
4BSC30,4CHM121
4BSC30,4PHY121
4BSC30,4ZOL111
4BSC30,4BOT111
4BSC30,4CPS121
4BSC30,4HYD112
4BSC30,4CHM122
4BSC30,4MTH122
4BSC30,4ZOL112
4BSC30,4BOT112
4BSC30,4CPS122
4BSC30,4HYD211
4BSC30,4STT111
4BSC30,4MCB211
4BSC30,4MCB221
4BSC30,4HYD212
4BSC30,4MCB212
4BSC30,4HYD222
4BSC30,4GES222
4BSC30,4HYD311
4BSC30,4HYD321
4BSC30,4MCB311
4BSC30,4MCB321
4BSC30,4HYD332
4BSC30,4HYD342
4BSC30,4MCB312
4BSC30,4MCB322
4BSC31,4GES111
4BSC31,4MTH111
4BSC31,4PHY111
4BSC31,4STT111
4BSC31,4CPS121
4BSC31,4HYD112
4BSC31,4MTH112
4BSC31,4PHY112
4BSC31,4STT112
4BSC31,4CPS122
4BSC31,4HYD211
4BSC31,4PHY211
4BSC31,4MTH221
4BSC31,4GES211
4BSC31,4HYD212
4BSC31,4MTH222
4BSC31,4PHY212
4BSC31,4PHY222
4BSC31,4HYD222
4BSC31,4HYD311
4BSC31,4HYD321
4BSC31,4PHY311
4BSC31,4PHY321
4BSC31,4HYD332
4BSC31,4HYD342
4BSC31,4PHY312
4BSC31,4PHY322
4BSC32,4GES111
4BSC32,4MTH111
4BSC32,4STT111
4BSC32,4PHY121
4BSC32,4CPS121
4BSC32,4HYD112
4BSC32,4MTH112
4BSC32,4GES112
4BSC32,4STT112
4BSC32,4CPS122
4BSC32,4HYD211
4BSC32,4STT211
4BSC32,4MTH221
4BSC32,4GES211
4BSC32,4HYD212
4BSC32,4STT212
4BSC32,4MTH222
4BSC32,4HYD222
4BSC32,4HYD311
4BSC32,4HYD321
4BSC32,4STT311
4BSC32,4STT321
4BSC32,4HYD332
4BSC32,4HYD342
4BSC32,4STT312
4BSC32,4STT322
4BSC33,4GES111
4BSC33,4CHM121
4BSC33,4ZOL111
4BSC33,4PHY121
4BSC33,4CPS121
4BSC33,4HYD112
4BSC33,4CHM122
4BSC33,4ZOL112
4BSC33,4MTH122
4BSC33,4CPS122
4BSC33,4HYD211
4BSC33,4STT111
4BSC33,4ZOL211
4BSC33,4GES211
4BSC33,4HYD212
4BSC33,4ZOL212
4BSC33,4BOT112
4BSC33,4HYD222
4BSC33,4HYD311
4BSC33,4HYD321
4BSC33,4ZOL311
4BSC33,4ZOL321
4BSC33,4HYD332
4BSC33,4HYD342
4BSC33,4ZOL312
4BSC33,4ZOL322
4BSC34,4MTH111
4BSC34,4PHY111
4BSC34,4AMT111
4BSC34,4CPS111
4BSC34,4STT111
4BSC34,4CHM111
4BSC34,4CPS121
4BSC34,4MTH112
4BSC34,4PHY112
4BSC34,4CPS112
4BSC34,4AMT122
4BSC34,4STT112
4BSC34,4CHM112
4BSC34,4CPS122
4BSC34,4PHY211
4BSC34,4MTH221
4BSC34,4CPS211
4BSC34,4AMT211
4BSC34,4STT211
4BSC34,4CHM211
4BSC34,4MTH222
4BSC34,4PHY212
4BSC34,4PHY222
4BSC34,4AMT212
4BSC34,4STT212
4BSC34,4CPS212
4BSC34,4CHM212
4BSC34,4MTH311
4BSC34,4MTH321
4BSC34,4PHY311
4BSC34,4PHY321
4BSC34,4MTH312
4BSC34,4MTH322
4BSC34,4PHY312
4BSC34,4PHY322
4BSC35,4MTH111
4BSC35,4STT111
4BSC35,4AMT111
4BSC35,4CPS111
4BSC35,4CHM111
4BSC35,4PHY111
4BSC35,4CPS121
4BSC35,4MTH112
4BSC35,4STT112
4BSC35,4AMT122
4BSC35,4CPS112
4BSC35,4CHM112
4BSC35,4PHY112
4BSC35,4CPS122
4BSC35,4MTH221
4BSC35,4STT211
4BSC35,4AMT211
4BSC35,4CPS211
4BSC35,4PHY211
4BSC35,4CHM211
4BSC35,4MTH222
4BSC35,4STT212
4BSC35,4AMT212
4BSC35,4PHY212
4BSC35,4PHY222
4BSC35,4CPS212
4BSC35,4CHM212
4BSC35,4MTH311
4BSC35,4MTH321
4BSC35,4STT311
4BSC35,4STT321
4BSC35,4MTH312
4BSC35,4MTH322
4BSC35,4STT312
4BSC35,4STT322
4BSC36,4CHM121
4BSC36,4PHY121
4BSC36,4BOT111
4BSC36,4ZOL111
4BSC36,4CPS121
4BSC36,4CHM122
4BSC36,4MTH122
4BSC36,4BOT112
4BSC36,4ZOL112
4BSC36,4CPS122
4BSC36,4MCB211
4BSC36,4ZOL211
4BSC36,4MCB221
4BSC36,4BCH211
4BSC36,4BOT211
4BSC36,4MCB212
4BSC36,4ZOL212
4BSC36,4BCH212
4BSC36,4BCH222
4BSC36,4BOT212
4BSC36,4MCB311
4BSC36,4MCB321
4BSC36,4ZOL311
4BSC36,4ZOL321
4BSC36,4MCB312
4BSC36,4MCB322
4BSC36,4ZOL312
4BSC36,4ZOL322
4BSC37,4CHM121
4BSC37,4HMS111
4BSC37,4ZOL111
4BSC37,4PHY121
4BSC37,4CPS121
4BSC37,4CHM122
4BSC37,4HMS112
4BSC37,4ZOL112
4BSC37,4MTH122
4BSC37,4CPS122
4BSC37,4MCB211
4BSC37,4HMS211
4BSC37,4ZOL121
4BSC37,4BCH211
4BSC37,4MCB212
4BSC37,4HMS212
4BSC37,4ZOL122
4BSC37,4BCH212
4BSC37,4MCB311
4BSC37,4MCB321
4BSC37,4HMS311
4BSC37,4HMS321
4BSC37,4MCB312
4BSC37,4MCB322
4BSC37,4HMS312
4BSC37,4HMS322
