programme_code,programme_name
4BSC01,APPLIED MATHEMATICS AND COMPUTER SCIENCE
4BSC02,APPLIED MATHEMATICS AND HYDROLOGY
4BSC03,APPLIED MATHEMATICS AND MATHEMATICS
4BSC04,APPLIED MATHEMATICS AND PHYSICS
4BSC05,APPLIED MATHEMATICS AND STATISTICS
4BSC06,BIOCHEMISTRY AND BOTANY
4BSC07,BIOCHEMISTRY AND CHEMISTRY
4BSC08,BIOCHEMISTRY AND HUMAN MOVEMENT SCIENCE
4BSC09,BIOCHEMISTRY AND MICROBIOLOGY
4BSC10,BIOCHEMISTRY AND ZOOLOGY
4BSC11,BOTANY AND GEOGRAPHY
4BSC12,BOTANY AND HYDROLOGY
4BSC13,BOTANY AND MICROBIOLOGY
4BSC14,BOTANY AND ZOOLOGY
4BSC15,CHEMISTRY AND COMPUTER SCIENCE
4BSC16,CHEMISTRY AND HYDROLOGY
4BSC17,CHEMISTRY AND MATHEMATICS
4BSC18,CHEMISTRY AND PHYSICS
4BSC19,CHEMISTRY AND ZOOLOGY
4BSC20,COMPUTER SCIENCE AND HYDROLOGY
4BSC21,COMPUTER SCIENCE AND MATHEMATICS
4BSC22,COMPUTER SCIENCE AND PHYSICS
4BSC23,COMPUTER SCIENCE AND STATISTICS
4BSC24,GEOGRAPHY AND HYDROLOGY
4BSC25,GEOGRAPHY AND PHYSICS
4BSC26,GEOGRAPHY AND STATISTICS
4BSC27,GEOGRAPHY AND ZOOLOGY
4BSC28,HUMAN MOVEMENT SCIENCE AND PHYSICS
4BSC29,HUMAN MOVEMENT SCIENCE AND ZOOLOGY (NOT OFFERED)
4BSC30,HYDROLOGY AND MICROBIOLOGY
4BSC31,HYDROLOGY AND PHYSICS
4BSC32,HYDROLOGY AND STATISTICS
4BSC33,HYDROLOGY AND ZOOLOGY
4BSC34,MATHEMATICS AND PHYSICS
4BSC35,MATHEMATICS AND STATISTICS
4BSC36,MICROBIOLOGY AND ZOOLOGY
4BSC37,MICROBIOLOGY AND HUMAN MOVEMENT SCIENCE
